{"cameraMode":{"drawMode":0,"name":"Shaded","section":"Shading Mode"},"sceneLighting":false,"audioPlay":false,"sceneViewState":{"m_AlwaysRefresh":false,"showFog":true,"showSkybox":false,"showFlares":true,"showImageEffects":true,"showParticleSystems":true,"showVisualEffectGraphs":true,"m_FxEnabled":true},"in2DMode":false,"pivot":{"x":-1.668302059173584,"y":1.633096694946289,"z":-31.579999923706056},"rotation":{"x":0.6688587069511414,"y":0.01672149822115898,"z":-0.015051828697323799,"w":0.7430522441864014},"size":0.8660265207290649,"orthographic":false}